id,deskripsi
0,A-15 CR SHAFT ASSY PRO1 070
1,ACCU SPRAYER KANEDA 12A
2,ACCU SPRAYER KANEDA 8A
3,ACCU SPRAYER KANEDA 9A
4,ACCU SPRAYER TOKUDA 12A
5,ACCU SPRAYER TOKUDA 8A
6,"AIR BLOW GUN TEKIRO 5"" AT-BG1627"
7,"AIR CHUCK FOR TRUCK TEKIRO 12"" AU-AC0993"
8,AIR DUSTER TEKIRO DG1-3 AT-AD1111
9,AIR IMPACT JUMBO HAMMER TEKIRO 1/2'' AT-AI1668
10,AIR NAILER H&L F32
11,AIR NAILER MAKITA AF 504Z**
12,AIR NAILER MOLLAR F30C
13,AIR TACKER MAKITA AT 1022 AZ
14,ALAT TAMBAL BAN TUBLES SET GAGANG BESI TEKIRO AU-TK1774
15,ALTERNATOR ADK ADI164B 11KVA DOUBLE
16,AMPLAS BULAT FRT 4#80
17,AMPLAS LEMBARAN NIPPON STAR #320
18,AMPLAS LEMBARAN NIPPON STAR #400
19,AMPLAS LEMBARAN NIPPON STAR #600
20,ARMATURE BOSCH GSB 550/1300/500RE 1619PA0697
21,ARMATURE BOSCH GWS 700 1619PC1304
22,ARMATURE BULL 9553B/NB
23,ARMATURE BULL GA 4030/4034
24,ARMATURE BULL GA 7020/9020/900/902/930
25,ARMATURE BULL HM 0810
26,ARMATURE BULL HM 1306
27,ARMATURE BULL HR2470/2460
28,ARMATURE BULL MT 191/192/M1901B/M1902B
29,ARMATURE BULL MT 580/583/560/M5801B
30,ARMATURE DONG CHENG DMB82 N 1900B
31,ARMATURE DONG CHENG DSM03-100A (GWS 6-100)
32,ARMATURE DONG CHENG DSM15-100B (9553B)
33,ARMATURE DONG CHENG GA 4030
34,ARMATURE DONG CHENG TO N9500N
35,ARMATURE DONGCHENG MT954
36,ARMATURE MAKITA 9005 B	
37,ARMATURE MAKITA 9553B(DOZ NB)(510086-1)
38,ARMATURE MAKITA HR 2460/HR 2470 (515288-4)
39,ARMATURE MAKITA HR 2810 (515293-1)
40,ARMATURE MAKITA N 9500N (511923-2)
41,ARMATURE MAKTEC M 5801B/MT 583 (513863-0)
42,ARMATURE MAKTEC MT 90/91 515828-8
43,ARMATURE MODERN M 2300B/SIM100
44,ARMATURE MODERN M 2350/M2340
45,ARMATURE MODERN M 2360
46,ARMATURE MODERN M 2400
47,ARMATURE MODERN M 2600
48,ARMATURE MODERN M 2800
49,ARMATURE MODERN M 2850
50,ARMATURE MODERN M 2900
51,ARMATURE MODERN M 2960
52,ARMATURE MODERN M2100B/C/JIZ10MM
53,ARMATURE RYU RMC 110-2
54,"B-16  BUSI WS7F BOCSH KUNING ""G""070"
55,B-7 IGNITION ASSY NEW WEST HTM 5200
56,"BAR NEW WEST 22"" GIGI KASAR"
57,"BAR NEW WEST 26"""
58,"BAR NEW WEST 36"" (070)"
59,BATTERY BOSCH 18V 4A 1600A00163
60,BATTERY MODERN M-65/M-90/M-45 4A
61,BATU ASAH MAKITA 150-1200 (D-17756)
62,"BATU GERINDA DMX 8"" #120"
63,"BATU GERINDA MODERN 6""X17 GC100"
64,"BATU POTONG AKIK ZEBRA SILVER DMX 4""X1X20X20MM"
65,"BATU POTONG CUMET 4""X1.0"
66,"BATU POTONG CUTOP 4""X1,2"
67,"BATU POTONG KINIK 14"" M355X3,5X25.4 TH"
68,"BATU POTONG KINIK 4"" M105X1X16 TH"
69,"BATU POTONG MAKITA 14""X3X25,4 A36P (A-89545/D-62088)"
70,"BATU POTONG MAKITA 4""X1X16 A60T (D-65947)"
71,"BATU POTONG NIPPON RESIBON 4""X1/16"" A46S"
72,"BATU POTONG TRICRAFT 4""X1"
73,"BATU POTONG WD 14""X3"
74,"BATU POTONG WD 4""X1,2"
75,BATU SERONG SOLID CF 8X1/2X3/4 A80
76,"BATU SLEP BOSCH 4"" 2608600017"
77,"BATU SLEP CUMET 4""X6X16**"
78,"BATU SLEP MAKITA 4""X6X16 (A-87719/D-65090)"
79,"BATU SLEP WD 4""X6"
80,BELT SANDER MAKITA M 9400B
81,BENANG JAHIT KARUNG TIGA EMAS
82,BENCH GRINDER MAKITA GB 602
83,BLOWER MAKITA G UB 1103
84,"BLOWER MODERN 2"" TAIWAN"
85,BLOWER MODERN M2000C
86,"BLOWER TANGAN PRO H&L 5"" 518"
87,BODY PLANER MODERN M2900/1900 DOFF
88,BOR DUDUK H&L 16MM HL8816
89,BOR DUDUK MODERN 13MM
90,BOR DUDUK MODERN 16MM
91,BOR DUDUK RYU RBD 13 (13MM)
92,BOR MAGNET DONG CHENG DJC30
93,BOR VIBRATOR MODERN M2135
94,BULL POINT MAKITA 280(17MM HEX SHANK) D-08682
95,BULL POINT MAKITA SDS MAX 400 (D-34182)**
96,BULL POINT MAKITA SDS MAX 600 (34198)
97,BUSI BOSCH 4T USR7AC
98,BUSI BOSCH W8DC/F6TC (PENGGANTI W5DC/F9TC)
99,C.LESS ANGLE GRINDER DONG CHENG DCSM03-100EM BL
100,"C.LESS ANGLE GRINDER MODERN MG-20LI 4"""
101,C.LESS CIRCULAR SAW DONG CHENG DCMY02-185 BM BL
102,C.LESS CIRCULAR SAW DONG CHENG DCMY125 BM BL
103,C.LESS CIRCULAR SAW DONGCHENG DCMY165 BM BL	
104,C.LESS DRILL BOSCH GSR 10.8-2LI SPEC
105,C.LESS DRILL DRIVERS BOSCH GSR 120-LI
106,C.LESS DRILL MAKITA DF 333 DWYE
107,C.LESS DRILL MAKITA HP 333 DWYE
108,C.LESS DRILL MODERN M-12V
109,C.LESS DRILL MODERN M-13 SET
110,C.LESS HAMMER DRILL DONG CHENG DCJZ03-13EM
111,C.LESS HAMMER DRILL DONG CHENG DCJZ2050I EM
112,C.LESS HAMMER DRILL DONG CHENG DCJZ2060I EM
113,C.LESS HAMMER DRILL DONG CHENG DCJZ23-10I EK
114,C.LESS HAMMER DRILL TEKIRO XV 13MM 20V BRUSHLESS CD-HD2048
115,C.LESS IMPACT DRILL MODERN M-16SET 20V
116,C.LESS IMPACT DRILL MODERN M-20LI(13MM)
117,C.LESS IMPACT DRILL RYU RCI 20V
118,C.LESS IMPACT DRILL TEKIRO CV 10MM 12V CD-HD2047
119,C.LESS IMPACT DRIVER DONG CHENG DCJZ1202I
120,C.LESS IMPACT DRIVER DONG CHENG DCPL04-8 EK
121,C.LESS IMPACT DRIVER MAKITA TD 110 DWYE
122,C.LESS IMPACT MODERN M-15
123,C.LESS IMPACT WRENCH DONG CHENG DCPB488EM BL
124,C.LESS IMPACT WRENCH MAKITA DTW 190 SFX7
125,C.LESS IMPACT WRENCH MAKITA DTW 300 RTJ
126,C.LESS IMPACT WRENCH MODERN M-65
127,C.LESS IMPACT WRENCH MODERN MG-85 SET
128,C.LESS IMPACT WRENCH RYU RCW 20V
129,C.LESS JAHIT KARUNG MODERN M9350
130,C.LESS JET CLEANER -
131,C.LESS POTONG RUMPUT MODERN M-45
132,C.LESS RECIPRO MODERN M-68
133,C.LESS SCREW DRIVER BOSCH IXO 7 06039E0050
134,CARBON BRUSH BOSCH GBH 2-22E/26E 1617000525
135,CARBON BRUSH BOSCH GHO 10-82/GHO 6500 2609120398
136,CARBON BRUSH BULL BLISTER AUTO CB 203
137,CARBON BRUSH BULL BLISTER AUTO CB 204
138,CARBON BRUSH BULL BLISTER AUTO CB 325
139,CARBON BRUSH BULL BLISTER AUTO CB 51
140,CARBON BRUSH BULL BLISTER AUTO CB 64
141,CARBON BRUSH BULL BLISTER AUTO GWS6-100/GWS 060
142,CARBON BRUSH BULL BLISTER CB 459
143,CARBON BRUSH MAKITA CB 100A B-80298
144,CARBON BRUSH MAKITA CB 105A (B-80307)
145,CARBON BRUSH MAKITA CB 106A B-80313
146,CARBON BRUSH MAKITA CB 203A B-80341
147,CARBON BRUSH MAKITA CB 204A B-80357
148,CARBON BRUSH MAKITA CB 303A B-80379
149,CARBON BRUSH MAKITA CB 325 (195001-2)
150,CARBON BRUSH MAKITA CB 430 (195018-5)
151,CARBON BRUSH MAKITA CB 440 (195021-6)
152,CARBON BRUSH MAKITA CB 459 (194722-3/195026-6)
153,CARBON BRUSH MAKITA CB 459/460 (195027-4)
154,CARBON BRUSH MAKITA CB 51A B-80232
155,CARBON BRUSH MAKITA CB 64A B-80254
156,CARBON BRUSH MAKITA CB 85A B-80282
157,CARBON BRUSH MODERN CB 100
158,CARBON BRUSH MODERN CB 21
159,CARBON BRUSH MODERN CB 411
160,CARBON BRUSH MODERN CB 459
161,CARBON BRUSH MODERN CB 51
162,CARBON BRUSH MODERN CB 51 BLISTER
163,CARBON BRUSH MODERN CB 64
164,CARBON BRUSH RYU RDH 15 (CB 100)
165,CARBON BRUSH RYU RGP 180E (CB 304)
166,CARBON BRUSH RYU RJS65-1E SP045
167,CARBON BRUSH RYU RMT6-SP040
168,CARBON BRUSH RYU ROS13A-1A-SP005
169,CARBON BRUSH RYU RSG 125 (CB318)
170,CARBON BRUSH RYU RTR 6-1
171,"CATOK C JETJO 5"" 101890"
172,"CATOK C JETJO 8"" 101892"
173,"CATOK PARON JETJO 4"" 101351"
174,CHAIN SAW STIHL MS 180+BAR GIGI(16)
175,CHARGER MODERN DC-20V 1.5A
176,CHARGER SPRAYER 1.7A OLD-P37
177,CIRCULAR SAW DONGCHENG DMY02-185SH
178,CIRCULAR SAW MAKITA 5800 NB
179,CIRCULAR SAW MAKITA M 5801B
180,CIRCULAR SAW MAKITA N 5900B
181,CIRCULAR SAW MODERN M2600 L(LASER)
182,COLD CHISEL MAKITA 19X280 D-08707
183,COLD CHISEL MAKITA SDS MAX 300X25 (D-34207)
184,COMPRESSOR SWAN 1/4HP SU-114
185,COMPRESSOR TOKUDA DC 75
186,"CORE BIT DCA 51X370MM (2"")"
187,COVER BLADE NYLON SOLID 328
188,"CUT OFF H&L PRO 7"""
189,CUT OFF MAKITA 2414 NB
190,CUT OFF MAKITA M 2401 B
191,CUT OFF MODERN M2480D
192,D-7 PLATINA BOCSH ASLI 070
193,"DEEP SOCK TEKIRO DR 1/2"" 12PT 10MM  SC-DW0511"
194,"DEEP SOCK TEKIRO DR 1/2"" 6PT 19MM SC-DW0497"
195,"DEEP SOCK TEKIRO DR 1/2"" 6PT 21MM SC-DW0499"
196,"DEEP SOCK TEKIRO DR 1/2"" 6PT 24MM SC-DW0502"
197,DEMOLITION HAMMER DCA AZG10
198,DEMOLITION HAMMER DONG CHENG DZG6
199,DEMOLITION HAMMER MAKITA HM 1306
200,DEMOLITION HAMMER MAKITA M 8600B
201,DEMOLITION HAMMER RYU RDH 15
202,"DIAMOND WHEEL BOSCH 7"" CONCRETE 2608602199"
203,"DIAMOND WHEEL BULL 4"" SUPERSHARP BLACK (TURBO)"
204,"DIAMOND WHEEL KOSOKU 4"" DRY"
205,"DIAMOND WHEEL MAKITA 110MM(RIM,WET) A-81131"
206,"DIAMOND WHEEL MAKITA 4"" CONTINUOUS (D-40705)"
207,"DIAMOND WHEEL MAKITA 4"" DRY D-63688"
208,"DIAMOND WHEEL MAKITA 4"" GRANITE & MARBLE (D-67511)"
209,"DIAMOND WHEEL MAKITA 4"" GRANITE (D-44351)"
210,"DIAMOND WHEEL TOKYO 16"""
211,DIE GRINDER MAKITA GD 0601
212,DIE GRINDER MAKITA M 9100B
213,DIE GRINDER MODERN M2310
214,DINAMO SPRAYER 3.1LPM OLD-P33
215,DONGKRAK BOTOL TEKIRO 10 TON AU-BJ1912
216,DONGKRAK BOTOL TEKIRO 20 TON AU-BJ1914
217,DONGKRAK BOTOL TEKIRO 4 TON AU-BJ1910
218,DONGKRAK BOTOL TEKIRO 6 TON AU-BJ1911
219,DONGKRAK BUAYA TEKIRO 2 TON (PUTAR) AU-FJ0995
220,DONGKRAK BUAYA TEKIRO 3 TON (DOUBLE PUMP) AU-FJ1677
221,DONGKRAK JEMBATAN TEKIRO 2 TON AU-SJ1059
222,DRIIL BOSCH GSB 16RE
223,DRILL DCA 16 MM AJZ16A BOR PALANG
224,DRILL DCA 6 MM VARIABEL SPEED (AJZ02-6A)
225,DRILL DONG CHENG DJZ10A
226,DRILL H&L PRO 10RE IRON CHUCK
227,DRILL MAKITA M 0600B
228,DRILL MAKITA M 6501B VARIABLE
229,DRILL MODERN JIZ13A
230,DRILL MODERN M2100B
231,DRILL MODERN M2100C
232,DRILL MODERN M2130B
233,DRILL MODERN M2140 (13MM)
234,DRILL RYU RDR 10-3RE
235,DRILL RYU RDR 10-3RE PRO1 W/ACCESSORIES
236,DRILL STAND/DUDUKAN BOR MOLLAR GDS206
237,ELECTRIC NIBBLER 3.2MM AJH32 DCA
238,ELEKTRIK SPRAYER KANEDA 12L 8A
239,"EXT SOCK TEKIRO 1/2""X10"" SC-EB0585"
240,"EXT SOCK TEKIRO 1/2""X3"" SC-EB0583"
241,"EXT SOCK TEKIRO 1/2""X5"" SC-EB0584"
242,FEELER GAUGE TEKIRO 13 BLADES AU-FG1292
243,FILTER ATAS SPRAYER KANEDA**
244,FILTER SPRAYER DALAM 12MM OLD-F
245,"FLAP DISC BULL 4"" #80"
246,"GAGANG KUNCI SOCK L TEKIRO 1""X26"" SC-OH0577"
247,"GAGANG KUNCI SOCK L TEKIRO 1/2""X10"" SC-OH0574"
248,"GAGANG SOCK T JETJO1/2""X10"" 200669"
249,GAGANG TAP RACHET TEKIRO M3-M10 GT-RH1865
250,GEMBOK BESI BESTGUARD PDK 30MM A2421
251,GEMBOK BESI JETJO PDK 40MM 101532
252,GEMBOK BESI PJG JETJO 40MM 101536
253,GEMBOK BESI TEKIRO PDK 70MM GT-PL1435
254,GEMBOK BESI TEKIRO PNJG 40MM GT-PL1436
255,GEMBOK BESI TEKIRO PNJG 50MM GT-PL1437
256,GEMBOK BSI JETJO PDK 60MM 101534
257,GEMBOK BSI JETJO PNJG 60MM 101538
258,GEMBOK KUNINGAN ATS 20MM WARNA-WARNI
259,GEMBOK KUNINGAN(BC) ATS 25MM #8825
260,GEMBOK UKIR ANTIK PDK FREDOM N/K 60MM
261,GENERATOR GENERAL ET1300I 2 TAK (650 WATT)
262,GENERATOR WEIMA WMG 7500E BF
263,"GERGAJI BESI TEKIRO 12"" GT-HS1623"
264,"GERGAJI TANGAN TEKIRO TPR 18"" 3T GT-HS1554"
265,"GERGAJI TANGAN TEKIRO TPR 20"" 3T GT-HS1555"
266,GERINDA BOSCH GWS 700 06013A31K0
267,GERINDA BOSCH GWS 750-100 06013940K0
268,GERINDA DCA 180MM (ASM180A)
269,GERINDA DONG CHENG DSM03-100
270,"GERINDA DUDUK ORANGE 6"""
271,"GERINDA DUDUK TIGER 6"""
272,"GERINDA MAKITA 9553 B 4"""
273,GERINDA MAKITA GA 4030
274,GERINDA MAKITA M 0900B
275,GERINDA MAKITA M 0910B
276,GERINDA MAKITA M 9513B
277,GERINDA MAKITA N 9500N
278,"GERINDA MODERN M2300B  4"" HIJAU"
279,GERINDA MODERN M2340 V
280,GERINDA MODERN M2350B
281,GERINDA MODERN M2360
282,GERINDA MODERN SIM100B
283,"GERINDA RYU 4"" RSG 100-3"
284,"GERINDA RYU 4"" RSG 100-3 W/ACCESSORIES"
285,"GERINDA RYU 4"" RSG 100-4"
286,"GERINDA RYU 4"" RSG 100-4 W/ACCESSORIES"
287,GREAS GUN TEKIPO 500CC AX-AU-GG1015
288,GREASE GUN TEKIRO 500CC AU-GG1015
289,GUN POLISHER RYU RGP 125E
290,"GUNTING DAHAN BESTGUARD MULTIFUNGSI 7"""
291,"GUNTING SENG TEKIRO 10"" (LURUS) PL-AS1449"
292,"GUNTING SENG TEKIRO 12"" (LURUS) PL-AS1778"
293,HAND TAP L TEKIRO M3X0.5 (3PCS) GT-HT1852
294,HAND TAP SET TEKIRO M5X0.8 (3PCS) GT-HT1854
295,HOLE SAW BOSCH HSS 60MM (2608580425)
296,HOT AIR GUN DCA 1600W (AQB02-1600)
297,HOT GUN MODERN M2050
298,HOT GUN PRO H&L 1600W
299,IMPACT DRILL DCA 13MM VARIABLE AZJ02-13
300,IMPACT DRILL DONG CHENG DZJ02-13
301,IMPACT DRILL MAKITA HP 1630
302,IMPACT DRILL MAKITA M 0801B
303,IMPACT DRILL MODERN M2150 13M
304,IMPACT DRILL RYU 13MM RID 13-1REB (SET)
305,IMPACT DRILL RYU RID 13-1RE+ACC
306,IMPACT WRENCH DONG CHENG DPB12
307,INVERTER RHINO 120A 450W
308,INVERTER RHINO 120A 900W
309,INVERTER RYU RII 120-1 900W
310,INVERTER RYU RII 120-2
311,JASA SERVICE MESIN/RAKIT MESIN
312,JASA SERVICE TEKNIK
313,JET CLEANER H&L ABW VGS70
314,JET CLEANER H&L QL-1200
315,JET CLEANER H&L QL-2350
316,JET CLEANER H&L QL-2500 (UJCH0033)
317,JET CLEANER RYU RPW 70
318,JET CLEANER RYU RPW 70-1
319,JIG SAW MAKITA 4327 M
320,JIG SAW MODERN M2200 (V)
321,JIG SAW MODERN M2200B
322,JIG SAW MODERN M2200L
323,KABEL LAS MULTIPRO 50MM
324,KACA MATA LAS OTOMATIS REDBO RB-300KS
325,KANEBO TEKIRO
326,KARET TAMBAL BAN TUBELES CROCODILE
327,KARET TAMBAL BAN TUBELESS TEKIRO AU-TS1722
328,"KAWAT LAS RD-460 2,0MM"
329,KEPALA BOR VOYLET 10MM DRAT
330,KEPALA BOR VOYLET 10MM SOCK
331,KIKIR CHAINSAW JETJO 5MM 101849
332,"KIKIR PLAT LAKONI PRO HALUS 10"" 101631"
333,"KIKIR SLIM TEKIRO 3"" GT-ST1635"
334,"KIKIR SLIM TEKIRO 4"" GT-ST1553"
335,"KLEM SELANG JETJO 2-1/2"" 101788"
336,"KLEM SELANG JETJO 3/4"" 101782"
337,"KLEM SELANG JETJO 5/8"" 101781"
338,"KLEM SELANG TEKIRO 7/8"" GT-CH1683"
339,KOP KACA H&L 3 KAKI (TRIPLE)
340,"KRAN KOMPRESOR VOYLET 1/4"" BIRU"
341,KRAN SPRAYER KANEDA OLD-137
342,KUNCI BUSI FLEXI PROTECH 16MM
343,KUNCI BUSI FLEXI PROTECH 21MM
344,"KUNCI BUSI TEKIRO 1/2""X21MM MAGNET SC-SA0548"
345,"KUNCI BUSI TEKIRO 3/8""X14MM KARET SC-SP1673"
346,"KUNCI BUSI TEKIRO 3/8""X18MM MAGNET SC-SA1608"
347,"KUNCI INGGRIS ATS 6"""
348,"KUNCI INGGRIS JETJO 6"" 300380"
349,"KUNCI INGGRIS JETJO 8"" 300381"
350,"KUNCI INGGRIS TEKIRO 08"" WR-AD1960"
351,"KUNCI INGGRIS TEKIRO 10"" WR-AD1961"
352,"KUNCI INGGRIS TEKIRO 12"" WR-AD1962"
353,"KUNCI INGGRIS TEKIRO 15"" WR-AD1963"
354,"KUNCI INGGRIS TEKIRO 24"" WR-AD1965"
355,KUNCI L PANJANG JETJO 3MM 601267
356,KUNCI L PANJANG JETJO 4MM 601268
357,KUNCI L PANJANG JETJO 5MM 601269
358,KUNCI L PANJANG JETJO 6MM 601270
359,KUNCI L PANJANG TEKIRO 1.5MM HK-LO1164
360,KUNCI L PANJANG TEKIRO 2.5MM HK-LO1166
361,KUNCI L PANJANG TEKIRO 3MM HK-LO1167
362,KUNCI L PANJANG TEKIRO 4MM HK-LO1168
363,KUNCI L PANJANG TEKIRO 5MM HK-LO1169
364,KUNCI L PANJANG TEKIRO 6MM HK-LO1170
365,KUNCI L SET BALLPOINT LAKONI PRO PANJANG
366,KUNCI L SET BALLPOINT PANJANG TEKIRO (9PCS) HK-BP1204
367,KUNCI L SET BINTANG TEKIRO 6PCS HK-ST1211	
368,KUNCI L SET ELEKTRONIK JETJO 7PCS 601298
369,KUNCI L SET PANJANG TEKIRO 2-10MM (8PCS) HK-LS1200
370,"KUNCI L SET PANJANG TEKIRO 5/64""-3/8"" (8PCS) HK-LS1201"
371,KUNCI L SET PENDEK JETJO 2-10MM (8PCS) 601302
372,KUNCI L SET PENDEK TEKIRO 2-10MM (8PCS) HK-SS1202
373,KUNCI L SET TORX JETJO 9PCS (NO LUBANG) 601305
374,KUNCI L SET TORX TEKIRO 9PCS (NO LUBANG) HK-TO1205
375,KUNCI NEPEL TEKIRO 10X12MM WR-FN0214
376,KUNCI NEPEL TEKIRO 14X17MM WR-FN0216
377,KUNCI NEPEL TEKIRO 8X10MM WR-FN0213
378,"KUNCI OLI FILTER TEKIRO 6"" RANTAI AU-OF0961"
379,KUNCI PAS ATS 10X12MM
380,KUNCI PAS ATS 12X14MM
381,KUNCI PAS ATS 16X17MM
382,KUNCI PAS ATS 19X21MM
383,KUNCI PAS ATS 20X22MM
384,KUNCI PAS ATS 6X7MM
385,KUNCI PAS ATS 8X10MM
386,KUNCI PAS SET TEKIRO 6-24MM (8PCS) WR-SE0305
387,KUNCI PAS TEKIRO 14X17MM WR-OE0080
388,KUNCI PAS TEKIRO 6X7MM WR-OE0072
389,KUNCI PAS TEKIRO 8X10MM WR-OE0074
390,"KUNCI PIPA JETJO 14"" 300391"
391,"KUNCI PIPA TEKIRO 14"" WR-PP0291"
392,KUNCI RING 75Â° TEKIRO 8X9MM WR-BE0137
393,KUNCI RING ATS 10X11MM
394,KUNCI RING ATS 10X12MM
395,KUNCI RING ATS 12X13MM
396,KUNCI RING ATS 6X7MM
397,KUNCI RING ATS 8X10MM
398,KUNCI RING ATS 8X9MM
399,KUNCI RING BULAN TEKIRO 10X12MM WR-OB0226
400,KUNCI RING JETJO 12X13MM 300158
401,KUNCI RING JETJO 12X14MM 300159
402,KUNCI RING JETJO 14X15MM 300160
403,KUNCI RING JETJO 14X17MM 300161
404,KUNCI RING PAS ATS 10MM
405,KUNCI RING PAS ATS 11MM
406,KUNCI RING PAS ATS 12MM
407,KUNCI RING PAS ATS 13MM
408,KUNCI RING PAS ATS 14MM
409,KUNCI RING PAS ATS 15MM
410,KUNCI RING PAS ATS 16MM
411,KUNCI RING PAS ATS 17MM
412,KUNCI RING PAS ATS 18MM
413,KUNCI RING PAS ATS 19MM
414,KUNCI RING PAS ATS 20MM
415,KUNCI RING PAS ATS 24MM
416,KUNCI RING PAS ATS 27MM
417,KUNCI RING PAS ATS 30MM
418,KUNCI RING PAS ATS 6MM
419,KUNCI RING PAS ATS 8MM
420,KUNCI RING PAS ATS 9MM
421,KUNCI RING PAS JETJO 11MM 300106
422,KUNCI RING PAS JETJO 12MM 300107
423,KUNCI RING PAS JETJO 22MM 300117
424,KUNCI RING PAS JETJO 8MM 300103
425,KUNCI RING PAS RACHET TEKIRO 8MM PANJANG WR-SG0182
426,KUNCI RING PAS SET LAKONI PRO 8-24MM (11PCS) 300396
427,KUNCI RING PAS SET TEKIRO 8-19MM(8PCS) WR-SE1644
428,KUNCI RING PAS SET TEKIRO 8-24MM (11PCS) WR-SE0296
429,KUNCI RING PAS SET TEKIRO 8-32MM (14PCS) WR-SE0298
430,KUNCI RING PAS TEKIPO 10MM AX-WR-CO0005
431,KUNCI RING PAS TEKIPO 12MM AX-WR-CO0007
432,KUNCI RING PAS TEKIPO 14MM AX-WR-CO0009
433,KUNCI RING PAS TEKIPO 24MM
434,KUNCI RING PAS TEKIPO 8MM AX-WR-C0003
435,KUNCI RING PAS TEKIRO 06MM WR-CO0001
436,KUNCI RING PAS TEKIRO 07MM WR-CO0002
437,KUNCI RING PAS TEKIRO 10MM WR-CO0005
438,KUNCI RING PAS TEKIRO 11MM WR-CO0006
439,KUNCI RING PAS TEKIRO 13MM WR-CO0008
440,KUNCI RING PAS TEKIRO 14MM WR-CO0009
441,KUNCI RING PAS TEKIRO 16MM WR-CO0011
442,KUNCI RING PAS TEKIRO 17MM WR-CO0012
443,KUNCI RING PAS TEKIRO 18MM WR-CO0013
444,KUNCI RING PAS TEKIRO 24MM WR-CO0019
445,KUNCI RING SET TEKIRO 6-24MM (8PCS) WR-SE0301
446,KUNCI RING TEKIRO 10X12MM WR-BE0057
447,KUNCI RING TEKIRO 6X7MM WR-BE0053
448,KUNCI RING TEKIRO 8X10MM WR-BE0055
449,KUNCI RODA TARIK TEKIRO 19X21MM AU-WM0975
450,KUNCI SOCK T JETJO 8MM 300332
451,KUNCI SOCK T TEKIRO HITAM  14MM WR-TT0238
452,KUNCI SOCK T TEKIRO HITAM 10MM WR-TT0234
453,KUNCI SOCK T TEKIRO HITAM 12MM WR-TT0236
454,KUNCI SOCK T TEKIRO HITAM 13MM WR-TT0237
455,KUNCI SOCK T TEKIRO HITAM 17MM WR-TT0239
456,KUNCI SOCK T TEKIRO HITAM 19MM WR-TT0240
457,KUNCI SOCK T TEKIRO HITAM 8MM WR-TT0232
458,KUNCI SOCK Y TEKIRO 10-11-13MM (SHORT) WR-YT0267
459,KUNCI SOCK Y TEKIRO 10-12-14MM (SHORT) WR-YT0268
460,KUNCI SOCK Y TEKIRO 12-14-17MM (SHORT) WR-YT0269
461,KUNCI SOCK Y TEKIRO 8-10-12MM (SHORT) WR-YT0266
462,KUNCI SOCK Y TEKIRO 8-9-10MM (LONG) WR-YT0270
463,KUNCI SOCKET T ATS 10MM HTM
464,KUNCI SOCKET T ATS 17MM HTM
465,KUNCI SOCKET Y ATS 12X14X17MM HTM
466,LASER BOSCH GLL 3-15X
467,MAGNETIC HEX NUT TEKIRO 6X65MM SD-MH1406
468,MANOMETER ANGIN TEKIRO 2.5BAR AU-PG1395
469,MANOMETER ANGIN TEKIRO 6BAR AU-PG0987
470,MARBLE CUTTER MODERN M2400
471,MARBLE CUTTER RYU RMC 110-2
472,MATA BOR BESI BOSCH 6MM HSS CO STENLISS 2608596590
473,MATA BOR BESI NACHI 1.5MM	
474,MATA BOR BESI NACHI 10MM
475,"MATA BOR BESI NACHI 2,5MM"
476,"MATA BOR BESI NACHI 3,5MM"
477,MATA BOR BESI NACHI 3MM
478,"MATA BOR BESI NACHI 4,5MM"
479,MATA BOR BESI NACHI 4MM
480,MATA BOR BESI NACHI 5MM
481,MATA BOR BESI NACHI 6MM
482,MATA BOR BESI NACHI 8MM
483,MATA BOR BESI NACHI 9MM
484,MATA BOR BESI SET BOSCH HSS 13PCS
485,"MATA BOR BESI TOHO BLACK 2,5MM"
486,MATA BOR BETON BOSCH 10X80X120MM 2608578121
487,MATA BOR BETON BOSCH 12X85X150MM 2608578122
488,MATA BOR BETON BOSCH 3X30X60MM 2608578114
489,MATA BOR BETON BOSCH 6X60X100MM 2608578118
490,MATA BOR BETON BOSCH 8X80X120MM 2608578120
491,MATA BOR BETON MAKITA 12X150 (D 05343)
492,MATA BOR BETON MAKITA 6X100 (D 05256)
493,MATA BOR BETON MAKITA 8X110 (D 05290)
494,MATA BOR HSS KUNING ATS 10.5MM (KTG)
495,MATA BOR HSS KUNING ATS 12MM (KTG)
496,MATA BOR HSS KUNING ATS 2.5MM (KTG)
497,MATA BOR HSS KUNING ATS 5MM (KTG)
498,"MATA BOR KAYU KIPAS NKC 5/8"""
499,MATA BOR KERAMIK HEX-9 BOSCH 6X90MM (2608900590)
500,"MATA BOR KERAMIK SET BOSCH 4,5,6.8,10 (2608587169)"
501,MATA BOR MULTIPURPOSE SET BOSCH @8PCS (2608680799)
502,MATA BOR SDS PLUS (CROSS) HERRISH 10MMX260MM
503,MATA BOR SDS PLUS (CROSS) HERRISH 12MMX260MM
504,MATA BOR SDS PLUS (CROSS) HERRISH 14MMX260MM
505,MATA BOR SDS PLUS (CROSS) HERRISH 16MMX210MM
506,MATA BOR SDS PLUS (CROSS) HERRISH 6MMX160MM
507,MATA BOR SDS PLUS (CROSS) HERRISH 6MMX210MM
508,MATA BOR SDS PLUS MAKITA 16X310MM D-00309
509,MATA BOR SDS PLUS MAKITA 8X210MM D-00147
510,MATA JIGSAW BOSCH T 318AF 2608634241 (5PCS/PACK)
511,MATA JIGSAW MAKITA MT 431 (D-34883) (5PCS/PACK)
512,MATA JIGSAW MAKITA NO 1 A-85802
513,MATA JIGSAW MAKITA NO 3 A-85868
514,MATA JIGSAW MAKITA T 101B (D-72718)
515,MATA JIGSAW MAKITA T 118A D-34908
516,MATA JIGSAW NO MAKITA 10 A-85818
517,MATA MITTERSAW ESSEN 10X120T (ALM)	
518,MATA MITTERSAW ESSEN 7.5X80T (ALM)	
519,MATA OBENG ANGIN BOSCH PH2-65MM (2608521042)
520,MATA OBENG ANGIN TEKIRO PH2X110MM SD-DE0928
521,MATA OBENG ANGIN TEKIRO PH2X65MM SD-DE0927
522,MATA OBENG KETOK TEKIRO (PH2+) SD-IB0924
523,MATA ROUTER AST SET 15PCS
524,MESIN GENERAL GX 420
525,MESIN HONDA GP 200
526,MESIN JAHIT KARUNG H&L 9-2
527,MESIN POTONG RUMPUT FLOKY FL-328
528,"MESIN PROMOST PM 160 ""RWB"""
529,"MESIN PROMOST PM 160 ""WRR"""
530,MESIN WEIMA WM 200
531,MESIN+POMPA TOKUDA WP30 (WT-30)
532,"METERAN KARET MAGNET ATS 7,5MX25MM"
533,METERAN MAGNET BESTGUARD 3M(I251)
534,METERAN TRANSPARAN TEKIRO 3M GT-MT1718
535,METERAN TRANSPARAN TEKIRO 5M GT-MT1719
536,MINI DIE GRINDER SET H&L 130 B
537,MITER SAW MAKITA LS 1040
538,MITER SAW MAKITA M 2300B
539,MITTER SAW MODERN M3700
540,MIXER ELECTRIC DCA AQU160
541,MIXER ELECTRIC DCA AQU160 QIU FF 160 + STICK
542,NEPEL (CONNECTOR) FOAM LANCE QL-1900/QL-2500/VRS 60
543,NOZZLE SPRAYER KEMBANG 8 LUBANG HY-1170
544,NOZZLE SPRAYER PLASTIK 4 LUBANG OLD-P148
545,OBENG BOLAK BALIK TEKIRO 125MM SD-TW2247
546,"OBENG ELEKTRIK ATS 6""(-)"
547,OBENG GAGANG KARET HIJAU TEKIRO (+) 2X250 SD-GC0856
548,OBENG GAGANG KARET HIJAU TEKIRO (+) PH2X200 SD-CG0855
549,OBENG GAGANG KARET HIJAU TEKIRO(+)PH1X75MM SD-CG0850
550,OBENG GAGANG KARET HIJAU TEKIRO(+)PH2X38 SD-CG0851
551,OBENG GAGANG KARET KUNING TEKIRO (-) 6X100 SD-CG0860
552,OBENG GAGANG KARET KUNING TEKIRO (-) 6X250 SD-CG0864
553,OBENG GAGANG KARET KUNING TEKIRO(-)6X200 SD-CG0863
554,OBENG KETOK SET LAKONI PRO 11PCS 701021
555,OBENG KETOK SET LAKONI PRO 7PCS 701798
556,OBENG KETOK SET TEKIRO 5PCS/BOX SD-IM1698
557,OBENG KETOK TEMBUS HIJAU SET TEKIRO 7PCS SD-GT0932
558,OBENG KETOK TEMBUS HIJAU TEKIRO (+) PH1X75MM SD-GT0866
559,OBENG KETOK TEMBUS HIJAU TEKIRO (+) PH2X100MM SD-GT0867
560,OBENG KETOK TEMBUS HIJAU TEKIRO (+) PH2X125 SD-GT0868
561,OBENG KETOK TEMBUS HIJAU TEKIRO (+) PH2X200 SD-GT0870
562,OBENG KETOK TEMBUS HIJAU TEKIRO (-) 6X150MM SD-GT0877
563,OBENG KETOK TPR TEKIRO (+) PH2X200M SD-TG0944
564,"OBENG KRISTAL TEKIRO (+) PH0X100MM (4"") SD-IL0796"
565,OBENG KRISTAL TEKIRO (+) PH0X75MM (3.2) SD-IL0792
566,OBENG KRISTAL TEKIRO (-) 3.2X100MM SD-IL0823
567,OBENG KRISTAL TEKIRO (-) 3.2X200MM SD-IL0825
568,OBENG KRISTAL TEKIRO (-) 4X100MM SD-IL0826
569,OBENG KRISTAL TEKIRO (-) 4X150MM SD-IL0828
570,OBENG KRISTAL TEKIRO (-) 5X200MM SD-IL0835
571,OBENG KRISTAL TEKIRO (-) 5X75MM SD-IL0831
572,OBENG STUBBY JETJO 2IN1 701566
573,"OBENG TEMBUS /KETOK 5""(+) ATS"
574,"OBENG TEMBUS KETOK ATS 8""(-)"
575,OBENG TPR LAKONI PRO PH2X125MM (+) 700994
576,OBENG TPR TEKIRO 3X200MM(-) SD-TR0899
577,OBENG TPR TEKIRO 4X150MM (-) SD-TR0901
578,OBENG TPR TEKIRO PH0X200MM (+) SD-TR0886
579,OBENG TPR TEKIRO PH2X100MM (+) SD-TR0893
580,OBENG TPR TEKIRO PH2X125MM (+) SD-TR0894
581,OBENG TPR TEKIRO PH2X300MM (+) SD-TR0897
582,OIL TANK COVER GX160/GX200
583,ORBITAL SANDER DCA 110X110MM (ASB100)
584,ORBITAL SANDER DONG CHENG DSB03-100
585,ORBITAL SANDER DONG CHENG DSB185
586,ORBITAL SANDER RYU ROS 13-1A
587,OTOMATIS RADAR ST 70 TANDON
588,PAKU RIVET MST 423 100PCS/PAK
589,PAKU RIVET MST 537 100PC/PAK
590,PAKU RIVET MTH 529 100PCS/PAK
591,PALM SANDER MAKITA BO 4556
592,PALM SANDER RYU RPS 110
593,PALU KAMBING W/MAGNET TEKIRO 16 OZ GT-CH2111
594,PALU KAMBING WERKLINE 16OZ FIBER
595,PALU KETOK ATS GG KAYU 300GR (FORGED)
596,PISAU PLANER TCT GT 1911B
597,PISAU POTONG KRAMIK DORONG SOLID SLCW02-001
598,PISTON AIR NAILER F30
599,PISTON ASSY TANAKA 328
600,"PISTON RING COMP TEKIRO 3""X57-125MM AU-PC1446"
601,PISTON RRT SCN 30 120MM
602,PLANER BITEC PM R190 WS
603,PLANER BLADE BOSCH 80 2607000193
604,PLANER BLADE MAKITA 82MM HSS (D-16346)
605,PLANER BLADE TCT AST N 1900
606,PLANER DONG CHENG DMB04-82
607,PLANER DONG CHENG DMB82
608,PLANER MAKITA 1902B
609,PLANER MAKITA M 1901 B
610,PLANER MODERN M 2900
611,PLANER MODERN M2920
612,PLANER MODERN M2950
613,PLANER MODERN M2960
614,PLANER RYU RPL 82-3A-PR01 W/ACCESSORIES
615,POLISHER MODERN M3200C
616,"POLISHER MODERN M3210 5"""
617,POMPA AIR SHIMIZU PS 126 BIT
618,POMPA AIR SHIMIZU PS 130 BIT
619,POMPA AIR SHIMIZU PS 135E
620,POTENSIO SPRAYER KANEDA OLD-P40
621,POWER SPRAYER TOKUDA #22 (MP22)
622,POWER TROWEL W/O ENGINE MATRIX 436A
623,PULLY STARTER GX160
624,QUICK COUPLING AST PF 20
625,QUICK COUPLING AST PM 20
626,QUICK COUPLING AST SF 20
627,QUICK COUPLING PLUG TEKIRO PF 20 AT-QC1098
628,QUICK COUPLING PLUG TEKIRO PH 20 AT-QC1101
629,QUICK COUPLING PLUG TEKIRO PM 20 AT-QC1104
630,QUICK COUPLING PLUG TEKIRO PM 30 AT-QC1105
631,QUICK COUPLING TEKIRO PP 20 AT-QC1107
632,QUICK COUPLING TEKIRO SF 20 (2 TOUCH) AT-QC1086
633,QUICK COUPLING TEKIRO SF 30 (2 TOUCH) AT-QC1087
634,QUICK COUPLING TEKIRO SH 30 (2 TOUCH) AT-QC1090
635,QUICK COUPLING TEKIRO SM 20 (2 TOUCH) AT-QC1092
636,QUICK COUPLING TEKIRO SP 20 (2 TOUCH) AT-QC1095
637,RANTAI CARLTON BELAH B3HRP
638,RANTAI OREGON BELAH 070 27R-52T
639,RANTAI OREGON BELAH 72RD.38T
640,RANTAI OREGON POTONG 070 59AC-52
641,RANTAI OREGON POTONG 20LPX.38T
642,RANTAI OREGON POTONG 20LPX.43T
643,RANTAI OREGON POTONG 21BPX.36T
644,RANTAI OREGON POTONG 21BPX.38T
645,RANTAI OREGON POTONG 72LPX.38T
646,"RANTAI STIHL G 16"" MS 180 3610/0055 3610 000"
647,"RATCHET HANDLE TEKIRO 1/2""X10"" RH0562"
648,RECOIL STARTER TOKUDA GX160/200
649,REXCO 18 CONTACT CLEANER 500ML
650,REXCO 50 LUBRICANT 220ML
651,REXCO 50 LUBRICANT 500ML
652,REXCO 70 MULTIPURPOSE DEGREASER 220ML
653,REXCO 81 CARB&INJECTOR CLEANER 300ML
654,REXCO 82 S.PART & BRAKE CLEANER 500ML
655,RING PISTON BULL HM 0810
656,ROTARY HAMMER DONG CHENG DZC05-26B
657,ROTARY HAMMER MAKITA HR 2230X5 SDS+
658,ROTARY HAMMER MAKITA M 8700B
659,ROTARY HAMMER MAKITA M 8701 B26
660,ROTARY HAMMER RYU RRH 32
661,ROUTER BITEC RM R1512S-MS
662,ROUTER DCA AMR12 MOD SKOK
663,ROUTER MAKITA M 3600B
664,ROUTER MODERN M2800
665,ROUTER MODERN M2810
666,ROUTER MODERN M2850
667,"RUBBER PAD KRETEK RRT 4"""
668,SANDER MAKITA M 9200B
669,SANDER MAKITA M 9203B
670,SANDER MODERN M2500
671,"SARINGAN UDARA TEKIRO 1/4"" AT-0A1870"
672,SARUNG TANGAN BINTIK 8 OZ (PUTIH)
673,"SARUNG TANGAN LAS KULIT BIRU BULL 14"""
674,SDS MAX FLAT CHISEL BOSCH 600X25MM 1618600203
675,SDS PLUS BULL POINT MAKITA 250 HR 2453 D-08713
676,SDS PLUS COLD CHISEL MAKITA 20-250 HR 2453 D-08729
677,SEAL KIT MJ-TECH SCN 30
678,SEAL TAPE ESSEN 20M
679,"SEAL W/PUMP NK KATO 3/4"" DUS BIRU"
680,SELANG JET CLEANER H&L 10M QL-1900/QL-2500
681,SELANG JET CLEANER H&L 15M QL-1900/QL-2500
682,SELANG JET CLEANER H&L 15MTR
683,SELANG JET CLEANER H&L 20MTR QL-2500/QL-1900
684,SELANG KOMPRESOR TEKIRO 8.5X14MM (10M) AT-AH1622
685,SELANG KOMPRESOR TEKIRO 8.5X14MM (20M) AT-AH1776
686,SELANG KOMPRESOR TOKUDA 10M 3LAYER
687,SELANG RECOIL HIJAU TEKIRO (5X8) 15MTR AT-RH1118
688,SELANG RECOIL HIJAU TEKIRO (5X8) 6M AT-RH1115
689,SELANG RECOIL HIJAU TEKIRO (5X8) 9M AT-RH1116
690,"SELANG SPIRAL MILYARD 4"""
691,SERKEL BOSCH 184X60T 2608642981
692,SERKEL MAKITA 165X60T P-67935 WOOD
693,SERKEL MAKITA 185X24T D-50522
694,SERKEL MAKITA 255X100T ALM P-68002
695,SERKEL MAKITA 255X120T ALUM P-68018
696,SERKEL MAKITA 255X60T WOOD P-67991
697,SLOTING BITS AST 1/4X6MM
698,"SOCK DR 1/2"" JETJO 6PT 12MM 200478"
699,"SOCK DR 1/2"" JETJO 6PT 14MM 200480"
700,"SOCK DR 1/2"" JETJO 6PT 19MM 200485"
701,"SOCK DR 1/2"" JETJO 6PT 22MM 200488"
702,"SOCK DR 1/2"" JETJO 6PT 24MM 200490"
703,"SOCK DR 1/2"" TEKIRO 12PT 14MM SC-SC0404"
704,"SOCK DR 1/2"" TEKIRO 12PT 22MM SC-SC0412"
705,"SOCK DR 1/2"" TEKIRO 12PT 24MM SC-SC0414"
706,"SOCK DR 1/2"" TEKIRO 6PT 08MM SC-SC0374"
707,"SOCK DR 1/2"" TEKIRO 6PT 10MM SC-SC0376"
708,"SOCK DR 1/2"" TEKIRO 6PT 11MM SC-SC0377"
709,"SOCK DR 1/2"" TEKIRO 6PT 12MM SC-SC0378"
710,"SOCK DR 1/2"" TEKIRO 6PT 13MM SC-SC0379"
711,"SOCK DR 1/2"" TEKIRO 6PT 14MM SC-SC0380"
712,"SOCK DR 1/2"" TEKIRO 6PT 17MM SC-SC0383"
713,"SOCK DR 1/2"" TEKIRO 6PT 18MM SC-SC0384"
714,"SOCK DR 1/2"" TEKIRO 6PT 19MM SC-SC0385"
715,"SOCK DR 1/2"" TEKIRO 6PT 22MM SC-SC0388"
716,"SOCK DR 1/2"" TEKIRO 6PT 24MM SC-SC0390"
717,"SOCK DR 1/2"" TEKIRO 6PT 27MM SC-SC0393"
718,"SOCK DR 1/2"" TEKIRO 6PT 32MM SC-SC0397"
719,"SOCK IMPACT 3/4"" TEKIRO 6PT 41MM IS-IS0684"
720,"SOCK SET 1/2"" TEKIRO 6PT 10PCS 8-24MM (PLASTIK) SC-SE0604"
721,"SOCK SET 1/2"" TEKIRO 6PT 24PCS 8-32MM (PLASTIK) SC-SE0613"
722,"SOCK SET 1/2"" TEKIRO 6PT 8-32MM 24PCS (BESI) SC-SE0598"
723,SOLDER SET JETJO 30WATT 101873
724,SP.COMP CYLINDER 0.75HP (22)
725,SP.COMP KAPASITOR 25MF 0.75HP (35)
726,SP.COMP TUTUP OLI 0.75HP (14)
727,SPRAY GUN ELECTRIC MAILTANK SH205
728,SPRAY GUN TEKIRO 472B AT-AS1720
729,SPRAY GUN TEKIRO F75G AT-AS1616
730,SPRAYER MANUAL KANEDA 8L
731,SPRAYER MANUAL TOKUDA 2L (ORANGE)
732,SPRAYER MANUAL TOKUDA 5L (YELLOW-BLUE)
733,STAMPER OSHIMA RM 90H
734,STAPLES GUN TEKIRO 3 IN 1 GT-SG1672
735,STAPLES GUN TEKIRO 4-8MM GT-SG1671
736,STATOR BULL 9553B
737,STATOR BULL GA 5020/6020
738,STATOR BULL GA 7020
739,STATOR BULL HM 0810
740,STATOR BULL HM 1306
741,STATOR BULL HR2470
742,STATOR M2350 GERINDA MODERN
743,STATOR MAKITA 9553B (621718-6)
744,STATOR MAKITA GA 4030 (635113-4)
745,STATOR MAKITA M 5801 / MT 583 (590067-1)
746,STATOR MAKITA N1900B/N 1923B (593118-9)
747,STATOR MODERN M 2600
748,STATOR MODERN M 2900 PLANER
749,STATOR MODERN M2100B/C/JIZ10 BOR
750,STATOR MODERN M2130 BOR
751,STATOR MODERN M2300/SIM100
752,STATOR RYU RID 13-1RE
753,STICK LANCE BRASS W/NOZZLE
754,STRAIGHT BITS AST 1/4X10MM
755,STRAIGHT BITS AST 1/4X6MM
756,STRAIGHT BITS SOLID 1/4X1/4 151-006 WITH BEARING
757,SWITCH AST MT 90
758,SWITCH BOR RRT 13MM DGN SAYAP M2150
759,SWITCH BOSCH GHO 6500 1619PA7983
760,SWITCH KNOB ATAS MAKTEC MT 90 (452503-4)
761,SWITCH MAKITA G STL115ADT-D 9553B (651427-3/651065-1)
762,SWITCH MAKTEC MT 431 (650633-7)
763,SWITCH MAKTEC MT 90 TN15-2 BAWAH (651434-6)
764,SWITCH MODERN M2100C BOR
765,SWITCH MODERN M2150 BOR
766,SWITCH RRT HM 0810/HM0813
767,SWITCH RYU RPL 82-3A
768,SWITCH SPRAYER BULAT OLD-P18
769,SWITCH SPRAYER KOTAK
770,"TABLE SAW MODERN M-608 (8"")"
771,"TABLE SAW MODERN M-610 (10"")"
772,TABUNG SALJU H&L 2.0 (FOAM LANCE)
773,TABUNG SALJU H&L VGS 70 (FOAM LANCE)
774,TALI GENDONG SPRAYER
775,"TANG BUAYA BENGKOK LAKONI PRO 10"" 400870"
776,"TANG BUAYA BENGKOK TEKIRO 10"" PL-LG0770"
777,"TANG BUAYA LURUS TEKIRO 10"" PL-LG0768"
778,"TANG CRIMPING JETJO 9"" 101554"
779,"TANG KOMBINASI JETJO 7"" 400858"
780,"TANG KOMBINASI TEKIRO 7"" HITAM PL-LM0758"
781,"TANG KOMBINASI TEKIRO 8"" HITAM PL-LM0759"
782,"TANG LANCIP JETJO 6"" 400860"
783,"TANG LANCIP TEKIRO 6"" HITAM PL-LN0760"
784,TANG LAS MULTIPRO 300A TYPE AMERICA
785,"TANG POTONG JETJO 6"" 400862"
786,"TANG POTONG JETJO 7"" 400863"
787,"TANG POTONG TEKIRO 4.5"" PL-DG1290"
788,"TANG POTONG TEKIRO 6"" HITAM PL-DG0762"
789,"TANG POTONG TEKIRO 8"" PL-DG0763"
790,TANG RIVET-1 TEKIRO GT-HR1823
791,"TANG SNAP RING BENGKOK HTM ATS 6"" BTE (PER BK)"
792,"TANG SNAP RING BENGKOK HTM ATS 6"" BTI (PER TTP)"
793,"TANG SNAP RING LURUS HTM ATS 6"" (PER BUKA/STE)"
794,"TANG SNAP RING TEKIRO 5"" IS PL-SR0780"
795,"TANG SNAP RING TEKIRO 7"" EB PL-SR0772"
796,TAP BALIK SET JETJO 6PCS 701026
797,TAP BALIK SET TEKIRO 6PCS SD-EX0926
798,TESPEN TEKIRO AC 30 EL-AT1497
799,TESPEN TEKIRO DC AU-VT1061
800,TIRE GAUGE TEKIRO 120LB(KECIL) AU-TG0981
801,TIRE GAUGE TEKIRO 160PSI (BESAR) #7 AU-TG0982
802,TIRE GAUGE TEKIRO 60LB (KECIL) AU-TG0980
803,TIRE INFLATOR ATS TG-3
804,TIRE PRESSURE TEKIRO 3IN1(200 PSI) AU-PG1405
805,TOOL BOX TEKIRO BESI SUSUN 2 (ST-TB2339)
806,TREKER KAKI TIGA TEKIRO 8'' AU-AP1056
807,TREKER MAGNIT MULTIFUNGSI TEKIRO NO.1 AU-MT1030
808,TRIMMER DCA 6MM (AMP04-6)
809,TRIMMER DCA AMP02-6 6MM
810,TRIMMER DONG CHENG DMP02-6
811,TRIMMER DONGCHENG DMP04-6
812,TRIMMER LINE PRO 1 15MTR RED
813,TRIMMER LINE SOLID 50M
814,TRIMMER MAKITA 3709
815,TRIMMER MAKITA M 3701B
816,TRIMMER MODERN M2700
817,TRIMMER MODERN M2750
818,TRIMMER RYU RTR6-1
819,TUTUP CB MODERN M2300B (411)
820,VACUM CLEANER H&L WET&DRY HS 15-WD
821,VACUM CLEANER RYU RVC 15L
822,VALVE ASSY RRT SCN 30 BESI
823,VOLT METER SPRAYER
824,"WATERPASS JETJO 16"" 101912"
825,"WATERPASS JETJO 18"" 101913"
826,"WATERPASS TEKIRO 12"" GT-WP1711"
827,"WATERPASS W/MAGNETIC JETJO 16"" 101922M"
828,WD 40 ANTI FLING CHAIN LUBRICANT 360ML
829,WD 40 CONTACT CLEANERS 360ML
830,WD 40 MUP 120ML
831,WD 40 MUP 191ML
832,WD 40 MUP 333ML
833,WD 40 MUP 382ML
834,WD 40 SMARTSTRAW MUP 277ML
835,WD 40 SMARTSTRAW MUP 382ML
836,WD 40 SMARTSTRAW MUP 412ML
837,X-LINE BOSCH SET (33PCS)
